,reviews.userCity
Chicago,68
New York,62
Houston,57
Los Angeles,56
Dallas,42
Atlanta,40
Miami,39
Philadelphia,38
San Diego,37
Orlando,35
Pittsburgh,35
Charlotte,34
Boston,32
Las Vegas,31
Cleveland,31
San Antonio,29
Jacksonville,28
Nashville,27
Tampa,25
Austin,25
Columbus,23
Washington,23
Rochester,23
Minneapolis,23
Brooklyn,22
Phoenix,21
Denver,20
Raleigh,20
Indianapolis,20
Seattle,19
Greenville,19
Lexington,18
Baltimore,18
St. Louis,17
California,17
San Francisco,17
Wilmington,17
Kansas City,16
Birmingham,16
Springfield,16
Cincinnati,16
Sacramento,16
Fort Worth,15
El Paso,15
Long Beach,15
Detroit,15
Madison,15
Tulsa,15
Buffalo,15
Richmond,14
San Jose,14
Oklahoma City,14
Ontario,14
Charleston,14
Florida,13
North Carolina,13
Columbia,13
Omaha,13
Bronx,13
Fresno,13
Lancaster,13
Tucson,13
Memphis,12
Ohio,12
Toronto,12
Colorado Springs,12
Portland,11
Wichita,11
Milwaukee,11
Pensacola,10
Georgia,10
Aurora,10
Texas,10
Virginia Beach,10
Louisville,10
Vancouver,10
Auburn,10
South Bend,10
Albuquerque,9
Fort Lauderdale,9
Edmonton,9
Knoxville,9
Spokane,9
Saint Louis,9
Riverside,9
Savannah,9
Calgary,9
Marietta,8
Virginia,8
Winnipeg,8
Salem,8
Little Rock,8
Syracuse,8
Lakeland,8
Sarasota,8
Flint,8
Chesapeake,8
Arlington,8
Newark,8
Albany,8
Baton Rouge,8
Broken Arrow,8
Lafayette,7
Scottsdale,7
Greensboro,7
Toledo,7
Akron,7
Canton,7
Huntington,7
Long Island,7
Spring Hill,7
Salt Lake City,7
Jackson,7
Fort Myers,7
Reading,7
Topeka,7
Honolulu,7
Warren,7
Dayton,7
Utica,7
New Orleans,7
Lincoln,7
Ocala,7
Tacoma,7
Moore,7
Westminster,7
Eugene,6
Bakersfield,6
Laurel,6
Clovis,6
Shreveport,6
Green Bay,6
Fredericksburg,6
Ny,6
Elk Grove,6
Des Moines,6
Modesto,6
Kissimmee,6
Katy,6
Fort Wayne,6
Belleville,6
Middletown,6
Mount Pleasant,6
Huntsville,6
York,6
Rock Hill,6
Evansville,6
Chandler,6
Michigan,6
Staten Island,6
Providence,6
Augusta,6
Burlington,6
Boise,6
Kenosha,6
Edison,6
Concord,6
Montgomery,5
Watertown,5
Odessa,5
Mckinney,5
Norfolk,5
Georgetown,5
San Tan Valley,5
Waterloo,5
Rockford,5
Harrisburg,5
Oakdale,5
Lakewood,5
Chattanooga,5
Allentown,5
Danville,5
Cambridge,5
Stockton,5
Durham,5
Shawnee,5
Manhattan,5
Pasadena,5
Illinois,5
Franklin,5
Lebanon,5
Nebraska,5
Tallahassee,5
Gilbert,5
Mesa,5
Cypress,5
Quincy,5
Temecula,5
Jersey City,5
Appleton,5
Mattoon,5
Covington,5
Fayetteville,5
Lake Worth,5
Anaheim,5
Waukesha,5
Corpus Christi,5
Charlottesville,5
Cary,5
Kansas,5
Beaumont,5
Oakland,5
Roanoke,5
Altoona,5
St Paul,5
Decatur,4
Oxnard,4
West Palm Beach,4
Irvine,4
New Rochelle,4
Hoboken,4
Cape Coral,4
Council Bluffs,4
Owasso,4
Clearwater,4
Worcester,4
Duluth,4
Slidell,4
Somerset,4
Bristol,4
Independence,4
Longview,4
Newport News,4
Deltona,4
Campbell,4
Wayne,4
Suffolk,4
Longmont,4
Dover,4
Sandy,4
Asheville,4
Wylie,4
Fort Smith,4
Kingsport,4
Anderson,4
Owensboro,4
Gaithersburg,4
Greer,4
Pocatello,4
Olathe,4
Massachusetts,4
Panama City,4
Saginaw,4
Saint Petersburg,4
Hamilton,4
Indiana,4
Hagerstown,4
Saint Charles,4
Grand Rapids,4
Melbourne,4
Ankeny,4
Salisbury,4
Round Rock,4
Erie,4
Manchester,4
Greensburg,4
Easton,4
Morristown,4
Maryville,4
Woodbridge,4
Fremont,4
Janesville,4
Athens,4
Mobile,4
Okc,4
Oregon,4
New Jersey,4
Norwood,4
Boynton Beach,4
Sanford,4
Plano,4
Germantown,4
Mooresville,4
Spring,4
Greenfield,4
Alexandria,4
Olympia,3
Naples,3
Schaumburg,3
Winchester,3
Camp Lejeune,3
Valley Stream,3
Newton,3
Pataskala,3
Roseville,3
Frisco,3
Riverview,3
Berlin,3
Oklahoma,3
Minnesota,3
New Bedford,3
New Castle,3
Findlay,3
Everett,3
Biloxi,3
Williamsburg,3
Westchester,3
San Juan,3
Grand Junction,3
Centerville,3
Palmyra,3
Yakima,3
Bradenton,3
Bucks County,3
Shelbyville,3
Meridian,3
Brandon,3
Windsor,3
Oxford,3
Statesboro,3
Winter Haven,3
Reno,3
Bolingbrook,3
Gulfport,3
Conway,3
Queens,3
El Cajon,3
Santa Ana,3
Buena Park,3
Waynesboro,3
Federal Way,3
Mechanicsville,3
Beaufort,3
Macon,3
Port Saint Lucie,3
Apopka,3
Palm Springs,3
Loganville,3
Holland,3
Mountain Home,3
West Chester,3
Renton,3
Houma,3
Chagrin Falls,3
Madisonville,3
Oshkosh,3
Portage,3
Marion,3
Kentucky,3
Liberty,3
Muncie,3
Gretna,3
Palm Bay,3
Silver Spring,3
Burbank,3
Halifax,3
Valrico,3
Vineland,3
Ridley Park,3
San Bernardino,3
Martinsburg,3
Buckeye,3
Pflugerville,3
Killeen,3
Collierville,3
Brunswick,3
Battle Creek,3
Herndon,3
Lawton,3
Clayton,3
Alabama,3
Castle Rock,3
Parma,3
Plymouth,3
Spring Valley,3
Newfoundland And Labrador,3
Spokane Valley,3
Spartanburg,3
Bedford,3
Salinas,3
Lagrange,3
Hampton,3
Kennesaw,3
Redlands,3
Philly,3
Carol Stream,3
Victorville,3
Vallejo,3
Gainesville,3
Boone,3
New Haven,3
Gastonia,3
Waterford,3
Sioux City,3
Santa Cruz,3
Batavia,3
Grants Pass,3
Elyria,3
Lansing,3
Yuba City,3
Calhoun,3
Mesquite,3
Fairfield,3
Monterey,3
Valparaiso,3
Stillwater,3
Crowley,3
Monroe,3
Scott City,3
Toms River,3
Garden Grove,3
Bellevue,3
Murfreesboro,3
St Louis,3
Kalamazoo,3
Neenah,3
Cedar Falls,3
Hudson,3
Lake Havasu City,3
Stanley,3
Tustin,3
Bartlesville,3
Tuscaloosa,3
Wilson,3
Lake Charles,3
Norwalk,3
Elizabeth,3
Ann Arbor,3
Huntington Park,3
Beaverton,3
Westland,3
Bel Air,3
Huntington Beach,3
Moncks Corner,3
Jonesboro,3
Loveland,3
Twentynine Palms,3
Grand Forks,3
Rockville,2
Hermitage,2
Pasco,2
Kingston,2
Glenn Dale,2
Glendale,2
La Puente,2
Jacksonville Beach,2
Jamestown,2
Union City,2
Bristow,2
Yonkers,2
Myrtle Beach,2
Chino,2
Shelton,2
Thibodaux,2
Fort Collins,2
Pawtucket,2
Warminster,2
Irving,2
Compton,2
Tonawanda,2
Mcallen,2
Hollywood,2
Cuyahoga Falls,2
New Lenox,2
Mount Dora,2
Lockport,2
Westville,2
Fair Oaks,2
Junction,2
Weymouth,2
Qubec,2
Sturgis,2
Hyattsville,2
Bullhead City,2
Malden,2
Conyers,2
Marysville,2
New Windsor,2
North Hollywood,2
Winnabow,2
Pharr,2
Norman,2
Bismarck,2
New Braunfels,2
Niles,2
Oak Hill,2
Yorba Linda,2
Puyallup,2
Whitsett,2
Edgewood,2
Demotte,2
Lee's Summit,2
Amarillo,2
Bc,2
Buford,2
Chambersburg,2
Towson,2
North Ridgeville,2
Ellijay,2
North Las Vegas,2
Plainfield,2
Takoma Park,2
Berkeley,2
Titusville,2
Essex,2
Clifton,2
Bettendorf,2
East Dublin,2
Brownsville,2
Peru,2
Seekonk,2
Central,2
Hesperia,2
Joliet,2
Hutchinson,2
Latrobe,2
Sumter,2
Shirley,2
Hillsdale,2
Litchfield,2
Wilton,2
Rio Rancho,2
Lubbock,2
Midland,2
Arcata,2
Winston Salem,2
Annapolis,2
East Chicago,2
Buena Vista,2
Bloomington,2
Elsmere,2
Jber,2
Evans,2
Santa Rosa,2
Astoria,2
Gadsden,2
Metairie,2
Fort Mill,2
Luzerne,2
High Point,2
Abilene,2
Snohomish,2
Morehead,2
Fairport,2
Chula Vista,2
Bryan,2
Great Falls,2
Moline,2
Gary,2
Las Cruces,2
Reidsville,2
South Carolina,2
Marianna,2
Great Lakes,2
Lake Forest,2
Flowery Branch,2
Tryon,2
Bloomfield,2
San Angelo,2
Boca Raton,2
Troy,2
Delafield,2
Ladson,2
Port Orchard,2
Wilkes Barre,2
Medford,2
Kingman,2
Humble,2
Orange,2
Delran,2
Orange Park,2
Gresham,2
Malone,2
Montreal,2
White City,2
Lockhart,2
Gulf Coast,2
Bowling Green,2
Dickinson,2
Lewisville,2
Warner Robins,2
St. Paul,2
Kalispell,2
Cheektowaga,2
Fort Meade,2
West Allis,2
Greenwood,2
Upstate,2
Gaylord,2
Kings Mountain,2
Edinburg,2
Lynchburg,2
Antioch,2
Bronston,2
Moreno Valley,2
Port Richey,2
Princeton,2
Sebastian,2
Crockett,2
Lufkin,2
Peoria,2
Paducah,2
Porter,2
Framingham,2
Port Orange,2
Spencer,2
St Petersburg,2
Hamden,2
Deland,2
Fostoria,2
Lowell,2
Henderson,2
North Huntingdon,2
Blaine,2
Hamburg,2
Nampa,2
Sellersburg,2
Victoria,2
Ashland,2
Colorado,2
Mukwonago,2
Port St Lucie,2
Mira Loma,2
Clarkston,2
Johns Creek,2
Aberdeen,2
Tempe,2
Seneca,2
Southbury,2
Whitesboro,2
Sicklerville,2
Fulton,2
Rocky Point,2
Chesterfield,2
Alameda,2
Pennsylvania,2
Idaho,2
Levittown,2
Wyandotte,2
Palm Coast,2
Rancho Cordova,2
Cumberland,2
Pennington,2
Mchenry,2
Massapequa Park,2
Walnut Creek,2
Schenectady,2
Northfield,2
Glen Burnie,2
La Pine,2
Orange County,2
Marshalltown,2
Fenton,2
Lacey,2
Marmaduke,2
Plaquemine,2
Temple,2
Meadville,2
O Fallon,2
St. Petersburg,2
Piqua,2
Avondale,2
Sidney,2
Littleton,2
Wyoming,2
Hillsborough,2
Apollo Beach,2
Sharon,2
Fort Walton Beach,2
Pembroke Pines,2
Laredo,2
Mount Clemens,2
Frederick,2
Abingdon,2
Ilion,2
Rocklin,2
Eagle Mountain,2
Tennessee,2
Marshfield,2
Holt,2
Tualatin,2
Eagan,2
Fort Pierce,2
Howell,2
London,2
Lawson,2
Winston-salem,2
Traverse City,2
Barberton,2
Fullerton,2
Sterling Heights,2
Inwood,2
Gonzales,2
Candor,2
Fuquay Varina,2
Lombard,2
Tyler,2
Lorain,2
Scappoose,2
Severn,2
Chicopee,2
Willoughby,2
Louisiana,2
Opelousas,2
Delphos,2
Elmira,2
Great Mills,2
Hillsboro,2
Greeley,2
Glenview,2
North Providence,2
Tampa Bay,2
Westport,2
Sulphur,2
Colchester,2
Portsmouth,2
Ottawa,2
Medina,2
Hensley,2
New Milford,2
Rogersville,2
Winter Garden,2
Boiling Springs,2
Atwater,2
Whitehall,2
Walla Walla,2
Hemet,2
Weslaco,2
Fairfax,2
Royersford,2
Ennis,2
Hendersonville,2
Naperville,2
La Porte,2
Hephzibah,2
Mechanicsburg,2
New Wilmington,2
Justin,2
Aston,2
Saint Paul,2
Middle River,2
Baldwyn,2
Utah,2
O'fallon,2
Fleetwood,2
Angola,2
Brookhaven,2
Beverly Hills,2
Tavares,2
Flushing,2
Weatherford,2
State College,2
Douglasville,2
The Desert,2
Pineville,2
Murrieta,2
Kernersville,2
Westfield,2
Canfield,2
New Britain,2
Hadley,2
Columbus Grove,2
Quakertown,2
Hanover,2
Terre Haute,2
Missouri,2
Delavan,2
Nova Scotia,2
Carmichael,2
North Tonawanda,2
Gurnee,2
Napa,2
Choctaw,2
Chevy Chase,2
Holly,2
Haymarket,2
Asheboro,2
Sylmar,2
Aiken,2
Binghamton,2
Jasper,2
Dublin,2
Riverbank,2
Redondo Beach,2
West Des Moines,2
Cedarburg,2
Groton,2
Imperial,2
San Pedro,2
Bay Area,2
Lexington Park,2
Bossier City,2
Arizona,2
Hernando,2
Etters,2
San Mateo,2
Winfield,2
Draper,2
Whittier,2
Summerville,2
Morgantown,2
Copperas Cove,2
Phenix City,2
St. George,2
Hartford,2
Bardstown,2
Mayfield,2
Corona,2
Oceanside,2
Walker,2
Canyon,2
Tecumseh,2
Senatobia,2
Wilbraham,2
Edmond,2
Hobart,2
Brenham,2
Hammonton,2
Newburyport,2
Acton,2
Centreville,2
Surrey,1
Dothan,1
Twin Lakes,1
Murray,1
Lidderdale,1
Danvers,1
Rice Lake,1
Fort Leavenworth,1
Irwin,1
Buffalo Junction,1
Downingtown,1
La Grange Park,1
Winterville,1
Deerfield,1
Rusk,1
Nicholasville,1
Cleveland Hts,1
Appomattox,1
Lima,1
Hallettsville,1
Saint Johns,1
Pembroke,1
Avon Lake,1
Pocahontas,1
Novi,1
Orange City,1
Mondovi,1
San Gabriel,1
Long Branch,1
La Crosse,1
Clinton,1
Douglaston,1
Roxana,1
Arleta,1
Usa,1
Foley,1
Indian Orchard,1
Rural Hall,1
Falls City,1
Chesaning,1
Lidgerwood,1
Corydon,1
Jeffersonville,1
Laingsburg,1
De Pere,1
Poughkeepsie,1
West Hollywood,1
Eclectic,1
Greenville County,1
Buchanan,1
Jenkintown,1
East Meadow,1
Camas,1
Batesville,1
Palmerton,1
Ludington,1
Onalaska,1
Centralia,1
Port Huron,1
Summertown,1
Hodges,1
Cumming,1
Conroe,1
Sun City Center,1
Endicott,1
Sarasota County,1
Talbott,1
Kashin,1
Mashpee,1
Plainview,1
Donna,1
Livermore,1
Leon,1
Forney,1
Spring Grove,1
North Reading,1
Sour Lake,1
Christchurch,1
Ellenville,1
Homestead,1
Madeira Beach,1
East Machias,1
Rutland,1
The Colony,1
Grosse Pointe,1
Eunice,1
Pingree Grove,1
Brewster,1
Lincolnshire,1
Mount Vernon,1
Killen,1
Turlock,1
Wheaton,1
Winter Park,1
Watts,1
Upper Marlboro,1
Redding,1
Fort Pierre,1
Cedar Grove,1
Melrose Park,1
Cameron,1
Patton,1
Pottstown,1
Waterville,1
Gladewater,1
Colton,1
Powhatan Point,1
Collins,1
Eldridge,1
Parkton,1
Decorah,1
Natchitoches,1
Green,1
Sandown,1
Howard Beach,1
Ossining,1
Roscoe,1
Waldorf,1
Webster,1
Far Rockaway,1
Stoneham,1
Plainville,1
Dunbar,1
Chester Springs,1
Camp Hill,1
Yorkville,1
Bradley,1
Cartersville,1
Grand Blanc,1
Enon Valley,1
Fillmore,1
Grand Prairie,1
Nitro,1
Elgin,1
Highlands Ranch,1
Latham,1
Manitoba,1
Dalton,1
Apollo,1
Copperhill,1
Gladstone,1
Fredonia,1
Rock City,1
Paradise,1
Dracut,1
Saddle Brook,1
American Canyon,1
Alexanderia,1
Nogales,1
Selkirk,1
Aledo,1
Arimo,1
Brookline,1
South Richmond Hill,1
Cleburne,1
Downtown Harrisburg,1
Paramus,1
Brazil,1
Granville,1
Bobcaygeon,1
Saint Peters,1
Hollsopple,1
Bellflower,1
Steelville,1
Dundalk,1
Ellenton,1
Cork,1
Crownsville,1
El Dorado,1
Clinton Township,1
West Virgina,1
Euharlee,1
Mpls,1
Rockville Centre,1
Felts Mills,1
Valley Springs,1
Granger,1
Kearney,1
Norwell,1
Pullman,1
Hixson,1
West Bend,1
Pinson,1
Shalimar,1
Walnut,1
Millsboro,1
Nb,1
B'ham,1
Duffield,1
Haines City,1
Iowa,1
Plantation,1
Bells,1
Alton,1
Wichita Falls,1
Woolwich,1
New Canaan,1
St Charles,1
Hartville,1
Harris,1
Alaska,1
Bothell,1
Lilburn,1
South San Francisco,1
Elkmont,1
Marbury,1
Sanleon,1
Beaver Falls,1
Clyde,1
Exeter,1
La Verne,1
Darby,1
Advance,1
Cadillac,1
Hubert,1
Tarzana,1
Ferrelview,1
Barre,1
Sun Valley,1
Chatham-kent,1
Tinton Falls,1
Kendallville,1
Queen Anne,1
Forrest,1
Alum Bank,1
Cedartown,1
Winlock,1
Pennsboro,1
Eldon,1
Wooster,1
Mill Hall,1
Sunset Beach,1
Strongsville,1
Jefferson,1
Snyder,1
Alta Loma,1
Walkersville,1
Brockport,1
Boyertown,1
Jensen Beach,1
Tigard,1
Shelley,1
Sudbury,1
Sioux Falls,1
Battle Ground,1
Loris,1
Encinitas,1
Rapid City,1
Pleasant Hall,1
Downers Grove,1
Weirton,1
Del Rio,1
Browns Mills,1
Biddeford,1
Mt Pleasant,1
San Manuel,1
Palm Beach,1
Markham,1
Denison,1
Painted Post,1
Port Colborne,1
Fort Leonard Wood,1
Glenmoore,1
El Centro,1
Laveen,1
Paoli,1
Bountiful,1
Floresville,1
Oak Creek,1
Swanton,1
Campobello,1
Farmington,1
Davison,1
South Gate,1
Perry,1
Northville,1
Crandon,1
Conshohocken,1
Kilgore,1
Bremerton,1
Muscatine,1
Flagstaff,1
Hewitt,1
Calimesa,1
Santaquin,1
Universal City,1
Lithonia,1
Montclair,1
Morris,1
Maybee,1
Groveland,1
Fort Knox,1
Oswego,1
Pecos,1
Logan,1
Cinnaminson,1
Rohnert Park,1
Warwick,1
Shadyside,1
Indianapollis,1
Pinehurst,1
La Mesa,1
Havre De Grace,1
Elmhurst,1
Midland County,1
Tigertown,1
Proctorville,1
Wayland,1
Pompano Beach,1
Englewood,1
Sycamore,1
Trussville,1
Tuskegee,1
La Salle,1
Lawrenceburg,1
Rocky Hill,1
Foster City,1
Lake Walesl,1
West Salem,1
Bethel Park,1
Visalia,1
Sonora,1
Grove City,1
La Vergne,1
Port Tobacco,1
Barboursville,1
Makaha,1
Hodgenville,1
Stoney Stanton,1
College Station,1
Sanfrancisco,1
Raymond,1
Atoka,1
Huntington Station,1
Westerville,1
North Fond Du Lac,1
Port Angeles,1
West Mifflin,1
Miami Beach,1
Slippery Rock,1
Rolla,1
Weston,1
Clanton,1
Acworth,1
Ecorse,1
Clare,1
Perth Amboy,1
Cookeville,1
Ff,1
Kenmore,1
Port St. Lucie,1
Fall River,1
Shenandoah,1
Martin,1
New Boston,1
Enid,1
Clarksville,1
Palatka,1
Beaver Dams,1
Barnhart,1
Fajardo,1
Tega Cay,1
Claremont,1
Star Prairie,1
Eden,1
Parkville,1
Ft Lauderdale,1
Laguna Beach,1
Carrboro,1
Winter Springs,1
Lucerne Valley,1
Bonnie,1
Goshen,1
Clinton Twp,1
Holliday,1
Punta Gorda,1
Heath,1
Zimmerman,1
Millersville,1
Seminary,1
Tewksbury,1
Gloucester,1
Thomaston,1
Lake City,1
Ewing Township,1
Chicago Ridge,1
Bridgman,1
Broad Brook,1
Berkeley Ca,1
Nevada,1
Quebec,1
Andrews,1
Joplin,1
N Syr,1
Bessemer,1
Ambler,1
Norwich,1
South Holland,1
Wb,1
Reedley,1
North Lawrence,1
China Lake,1
Havertown,1
Mountain View,1
Sebring,1
Glastonbury,1
New Mexico,1
Fort Bragg,1
Mansfield,1
Trenton,1
Cobb,1
Harrison,1
Bangor,1
Brookings,1
Arvada,1
Stafford,1
Bruceton Mills,1
Vergennes,1
Inyokern,1
Aguada,1
Ridgeville,1
North Lauderdale,1
New Bern,1
Papillion,1
Eaton Park,1
Valdese,1
Nunica,1
Inkom,1
Sylacauga,1
Kodak,1
Mineral,1
East Berlin,1
Pomona,1
Henagar,1
Bigfork,1
Ventura,1
Coldbrook,1
Fairhaven,1
Prior Lake,1
Perris,1
Duenweg,1
Ingalls,1
Cohutta,1
Somis,1
Preston,1
Hillsborough Township,1
North Platte,1
Trappe,1
Henryetta,1
Port Crane,1
Flemington,1
Butte,1
Seaford,1
Sterling,1
Hattiesburg,1
Miami Springs,1
Romulus,1
Elkin,1
Guelph,1
Garden City,1
Breese,1
Xenia,1
Alpena,1
Tazewell,1
Vaughan,1
Malta,1
Stuart,1
Surprise,1
Simcoe,1
Collinsville,1
Wurtsboro,1
Villa Rica,1
Delaware County,1
Wimberley,1
Oak Park,1
Murphysboro,1
Bloomingburg,1
Warrenville,1
Duncan,1
Mt Airy,1
Teaneck,1
Livingston,1
Baden,1
Hebron,1
Overland Park,1
Port Washington,1
Seguin,1
Revere,1
Attica,1
Novelty,1
Solsberry,1
Greene,1
Bailey,1
Houstom,1
Altamonte Springs,1
Glassport,1
New Port Richey,1
Winslow,1
Peterstown,1
Dodge City,1
Cassville,1
Daytona Beach,1
Pen Argyl,1
Loxahatchee,1
Moses Lake,1
Bozeman,1
Shasta Lake,1
Festus,1
Richland Hills,1
Wilkesboro,1
Taylorsville,1
Phx,1
Hoschton,1
Eustis,1
Beverly,1
Reisterstown,1
Mcdonald,1
Lenoir City,1
Agua Dulce,1
Benton,1
Sylvester,1
Port Monmouth,1
Scottsboro,1
Hazlehurst,1
Matthews,1
Simi Valley,1
Kitchener,1
Crown Point,1
Shipman,1
Okeene,1
Englishtown,1
Carteret,1
Downey,1
Chelan,1
Costa Mesa,1
Orchard Park,1
Colville,1
Monee,1
Hotchkiss,1
Lakewood Township,1
Severna Park,1
Raeford,1
Belfast,1
Reddick,1
Arlington Heights,1
Chillicothe,1
Santiago,1
Daleville,1
Bellaire,1
Fleming Island,1
Vienna,1
Hazel Crest,1
Ingleside,1
Saint John,1
Wisconsin,1
Saint Clair Shores,1
North Augusta,1
Tidewater,1
Interlachen,1
White Hall,1
Freedom,1
Mission,1
Ridgecrest,1
Belvidere,1
Napa County,1
Halls,1
Farmingdale,1
Dubuque,1
Mcdonough,1
Austell,1
Hayward,1
Brockville,1
St. Charles,1
Goleta,1
Largo,1
La,1
Hiram,1
Brattleboro,1
Baxter,1
Malibu,1
Olney,1
High Ridge,1
Mauldin,1
Madera,1
East Haven,1
Saint Bernard,1
Porterville,1
Fort Dix,1
Russellville,1
Encino,1
Belle Vernon,1
Stl,1
Seminole,1
Rexford,1
Reynolds Station,1
Dillon,1
Fairview Park,1
Daly City,1
Carlsbad,1
Garnet Valley,1
Hudson Falls,1
Folsom,1
Grand Rapids - Itasca County Airport Gpz,1
Newington,1
Windermere,1
Cheboygan,1
Arnold,1
L A,1
Tooele,1
Holloway,1
Olean,1
Eastvale,1
North Port,1
Pleasantville,1
Merced,1
South Lyon,1
China Grove,1
Natural Bridge,1
Madawaska,1
Wellington,1
North Miami Beach,1
Central Islio,1
Missouri City,1
Holiday,1
Pompano,1
Hilliard,1
St Cloud,1
Cerritos,1
Casselberry,1
Rancho Santa Margarita,1
Milledgeville,1
Braintree,1
Bartlett,1
Solana Beach,1
Derby,1
Hannibal,1
Euless,1
Dunkirk,1
Blackfoot,1
Aline,1
Buffolo Grove,1
Farmington Hills,1
Port Allen,1
Pageland,1
Geneva,1
Boaz,1
Brighton,1
Ormond Beach,1
Marathon Shores,1
Chimes,1
Blue Springs,1
Bryant,1
Reserve,1
Tucson Estates,1
Saltsburg,1
Pearl,1
Saint Augustine,1
Six Mile,1
Shep,1
Westlake,1
Tuftonboro,1
Fergus Falls,1
Ravenna,1
Springbrook,1
Brandenburg,1
Alabaster,1
Mountain House Parkway,1
Herrin,1
Au Sable Forks,1
Castaic,1
Sedalia,1
Bauxite,1
Urbandale,1
Prescott,1
Lassen County,1
Sandpoint,1
Tallmadge,1
Johnson City,1
Rio Linda,1
Media,1
Topsham,1
Lenexa,1
Rison,1
Elizabethtown,1
Bethel,1
Blissfield,1
East Pittsburgh,1
Uniontown,1
Bell Gardens,1
Buffalo Grove,1
Bastrop,1
Westerly,1
West Point,1
West Milton,1
Oc,1
Ferryville,1
North Aurora,1
White Pine,1
Kimper,1
Waltham,1
Citrus Heights,1
Ellenburg Depot,1
Slatington,1
Caribou,1
The Beast,1
Orient,1
Bemidji,1
Faribault,1
Crossett,1
Bala Cynwyd,1
South Houston,1
Harvard,1
St James City,1
Brantford,1
Kingwood,1
Tallee,1
Kinder,1
Peculiar,1
Weehawken,1
Weeki Wachee,1
Chapin,1
Chino Hills,1
Rochelle,1
Little Ferry,1
Springhill,1
Doerun,1
Billings,1
League City,1
Kent,1
Vero Beach,1
Sf,1
Roswell,1
Cathedral City,1
Dearborn Heights,1
Lake County,1
Verdunville,1
Marcy,1
Billerica,1
Exton,1
Rosiclare,1
Hueytown,1
Waxahachie,1
Valliant,1
Pittsburg,1
Fort Payne,1
Dripping Springs,1
Queen Creek,1
Grafton,1
Richland City,1
Nashua,1
Fort Benning,1
Wasilla,1
Beacon,1
North Bend,1
Red House,1
Sedona,1
Lake Milton,1
Ferndale,1
North Highlands,1
Penfiled,1
Fruitland,1
Roosevelt,1
Griffin,1
Saco,1
Rowland Heights,1
Dinuba,1
Knightdale,1
Marble Hill,1
Struthers,1
Emeryville,1
Murrells Inlet,1
Tarboro,1
Safford,1
Summit,1
Selbyville,1
Eddy,1
Reynolds,1
Rockingham,1
Halifax Regional Municipality,1
Sabin,1
Fort Polk South,1
Alliance,1
Bucyrus,1
Gaffney,1
Smethport,1
Oak Ridge,1
Indio,1
Dumont,1
Warrenton,1
Stanwood,1
Newcastle,1
Richmond Virginia,1
Arab,1
Horn Lake,1
Woodford Halse,1
Ridgewood,1
Point Comfort,1
Summerfield,1
Sorrento,1
Pinellas Park,1
Joppa,1
Mooretown,1
Canby,1
Mcleansboro,1
Chetek,1
Southworth,1
Rancho Cucamonga,1
Box Elder,1
Sierra Vista,1
Parma Heights,1
Cedar Rapids,1
Newburgh,1
Indian Trail,1
Sale Creek,1
Century,1
Breaux Bridge,1
Elkhart,1
Broomall,1
Marcus Hook,1
Depoe Bay,1
Caro,1
Pickering,1
Vicksburg,1
West Columbia,1
Land O Lakes,1
Azusa,1
Red Oak,1
Perryopolis,1
Noble,1
Mishawaka,1
Wantagh,1
Youngsville,1
Ridge Manor,1
Branford,1
Millinocket,1
Jayess,1
Randleman,1
Van Nuys,1
Canal Winchester,1
Macedonia,1
Shorewood,1
Elma,1
San Pablo,1
Pickens,1
Pittsford,1
Ramsey,1
Kensington,1
Boonville,1
Caldwell,1
Marlton,1
Phillips Ranch,1
Kingstree,1
Wallington,1
Vassalboro,1
Gray,1
Bonita Beach,1
Cullman,1
Petoskey,1
Glen Allen,1
Mcminnville,1
Storrs Mansfield,1
Great Bend,1
Jeromesville,1
Rainsville,1
Maspeth,1
Bradford,1
Qulin,1
Lake Mary,1
Ewa Beach,1
Casper,1
White Plains,1
Spenard,1
Dana Point,1
Saint George,1
Iowa City,1
Bos,1
Grand Island,1
Belton,1
Amsterdam,1
Tarpon Springs,1
Waterbury,1
North Branch,1
Monroe County,1
Bend,1
Doylestown,1
Stamford,1
Orem,1
Huyton With Roby,1
Verona,1
Lawrenceville,1
Sherman Oaks,1
Wahoo,1
Fairhope,1
Lititz,1
Richardson,1
Idabel,1
Lafayette Parish,1
Murrysville,1
Bloomingdale,1
Somerville,1
Crossville,1
Whitefield,1
Mount Wolf,1
Souderton,1
Gig Harbor,1
Sistersville,1
Johnston,1
Olive Branch,1
12,1
Springville,1
Menifee,1
Munhall,1
Deatsville,1
Gardena,1
Hopkinsville,1
Santa Fe,1
Brackettville,1
San Jacinto,1
Holbrook,1
Tompkinsville,1
Mason City,1
Clemson,1
Greenwich,1
Danielsville,1
Port Edwards,1
Manassas,1
Metuchen,1
Erin,1
Merrillville,1
Clarksburg,1
Schenevus,1
Burleson,1
Westdundee,1
Tilton,1
Cape Girardeau,1
Billericay Cm12 0sp,1
Burien,1
Ellington,1
Red Wing,1
Olmito,1
Williams,1
Hypoluxo,1
Albion,1
Stoughton,1
Goodlettsville,1
Ypsilanti,1
Mandeville,1
Maui,1
Nuevo,1
Baldwin City,1
Vernon,1
West Saint Paul,1
Iron Station,1
Pacoima,1
Warsaw,1
Carthage,1
Nantucket,1
Yulee,1
Winnsboro,1
Hammondsport,1
Canaan,1
Dundee,1
Gates,1
Palm Harbor,1
Pontotoc,1
Lehi,1
Runnemede,1
Effingham,1
New Berlin,1
King Of Prussia,1
Rumford,1
Smiths Station,1
Easely,1
Monticello,1
Boyne City,1
Stopover,1
Cayce,1
Mill Creek,1
Satsuma,1
V As Ndergrift,1
Keller,1
Plains,1
Moneta,1
Cataula,1
Ludowici,1
Idaho Falls,1
Camby,1
Mcville,1
Elkhorn,1
Alpine,1
Niagara Falls,1
Molino,1
Beckley,1
Lusby,1
New Roads,1
Hoover,1
Beavercreek,1
Kentwood,1
Rising Sun,1
Norcross,1
North Attleborough,1
Springdale,1
Brimingham,1
Hughesville,1
Stearns,1
Streetsboro,1
New York City,1
Deptford,1
New London,1
Radcliff,1
Wake Forest,1
Texarkana,1
Christiansburg,1
East Stroudsburg,1
Robbinsville,1
Carlisle,1
Burkburnett,1
Shelby Charter Township,1
Fairview,1
Mississippi,1
Cottage Grove,1
Bostob,1
Sherwood,1
Raymore,1
Garland,1
Herriman,1
Mill Run,1
Ottumwa,1
Wellman,1
Fitchburg,1
Harlingen,1
Mount Blanchard,1
St. Clair Shores,1
Covina,1
Crawfordville,1
Rogers,1
Naugatuck,1
Sandusky,1
Rocky Mount,1
West Lawn,1
Ashburn,1
Pottsboro,1
Berwyn,1
Clawson,1
Woolwine,1
Wheeling,1
Pinetop,1
Catonsville,1
Wytheville,1
Dixon,1
Du Bois,1
Alfred Station,1
British Columbia,1
Falmouth,1
Brick,1
Brigantine,1
Sparta,1
Dunedin,1
Johnson Creek,1
Bay City,1
Dillsburg,1
Burton,1
Plainsboro,1
Mount Olive,1
Berea,1
Sautee Nacoochee,1
Maumee,1
Ciudad Juarez,1
Thomasville,1
Rescue,1
Vacaville,1
Ashkum,1
Bokeelia,1
Arkansas City,1
Oakland Park,1
Sanger,1
Sherman,1
Coldwater,1
Mt Morris,1
Hardinsburg,1
Taft,1
Marengo,1
Gillette,1
Cave Springs,1
Valencia,1
Florissant,1
Chelsea,1
Denton,1
Carstairs,1
Snow Hill,1
Brentwood,1
Bentonville,1
West Springfield,1
Slinger,1
Stratton,1
Tom Bean,1
Dresden,1
Woodbridge Township,1
St.louis,1
Roebling,1
Linthicum Heights,1
Britton,1
Norco,1
Chalmette,1
Montevallo,1
Port Charlotte,1
Milpitas,1
Millbury,1
Berkshire County,1
Hilltown,1
Mohnton,1
Lakeville,1
St. Augustine,1
New Carrollton,1
Pascagoula,1
Holyoke,1
Petersburg,1
Powhatan,1
Emerson,1
Shippensburg,1
West Sacramento,1
Plattsburgh,1
Palm Beach Gardens,1
Yates Center,1
Oconto Falls,1
Rossville,1
Durango,1
Junction City,1
Colo,1
Cheyenne,1
Canyon Lake,1
Stratford,1
Thousand Oaks,1
Ball Ground,1
Sesser,1
Grayslake,1
Brockton,1
Central Point,1
Pittston,1
Lorton,1
Maysville,1
Maryland Heights,1
El Segundo,1
Channahon,1
Harrisonville,1
Port Chester,1
Okmulgee,1
Laughlin,1
Colusa,1
Storrs,1
Sunnyvale,1
Montana,1
Ephrata,1
Matawan,1
Bayville,1
Raymondville,1
Munster,1
Mukilteo,1
Brigham City,1
Searsboro,1
Foxworth,1
Folkston,1
Kamloops,1
Cabot,1
Orono,1
Layton,1
Des Plaines,1
Kinston,1
Streamwood,1
Stanford,1
Wilm.,1
Temperance,1
Theodore,1
Hackettstown,1
Cheswick,1
Oak Grove,1
Florence,1
Punxsutawney,1
Loves Park,1
Grant,1
Milford Center,1
Roslyn Heights,1
Washingtonville,1
Spruce Grove,1
Woodruff,1
Mint Hill,1
Egg Harbor Township,1
Lincoln City,1
Dorchester,1
Wakeman,1
Kimball,1
Bridgeport,1
Sheffield Lake,1
Garner,1
Crystal Lake,1
Sarver,1
Horseheads,1
Greenvale,1
Round Lake,1
Manitou,1
Deerfield Beach,1
Sutersville,1
Keyport,1
Vanceboro,1
Stevens Point,1
Galesburg,1
Martinez,1
Wartrace,1
Petrolia,1
Gorman,1
Culver,1
Inkster,1
Rosepine,1
Barnstable County,1
Elizabeth City,1
China Spring,1
Easley,1
Hedgesville,1
Rye,1
Lanesville,1
Roxboro,1
Grovetown,1
Avenel,1
Coos Bay,1
Andale,1
Isom,1
Mount Holly,1
Pdx,1
Galesville,1
Laguna Hills,1
Poconos,1
Township Of Wales,1
Vermont,1
Saint Cloud,1
Santa Clarita,1
Weatherby Lake,1
Granbury,1
Oak Island,1
Cold Spring,1
Kirkland,1
Alva,1
Jefferson City,1
New Richmond,1
Ada,1
Harold,1
Southside,1
South Otselic,1
Webb City,1
Ar,1
Groves,1
King,1
Paragould,1
Lynn,1
Milford,1
Wheatfield,1
New Hope,1
Barry,1
Langley Afb lfi,1
Sunnyside,1
Clifton Heights,1
Maitland,1
Venice,1
Cranston,1
Port Jeff Station,1
Hartford City,1
South Brunswick Township,1
Indpls,1
Rosthern,1
Lebanon County,1
Caledonia,1
Alberta,1
Clermont,1
Weidman,1
Highland,1
Sheridan,1
Chalfont,1
Escondido,1
Fort Stewart,1
Laguna Woods,1
La Luz,1
Narragansett,1
Thornton,1
Sun Prairie,1
Sackets Harbor,1
Lake Gogebic,1
Bayonne,1
Phialdelphia,1
Middleboro,1
Gibsonia,1
Orfordville,1
Chimacum,1
Pingree,1
Topsfield,1
Alpha,1
Mount Angel,1
Swayzee,1
Jeannette,1
Townsend,1
Gorham,1
Clarence,1
Lawrence,1
Twin Falls,1
Old Fort,1
Maryland,1
Yazoo City,1
Leesburg,1
Winston-Salem,1
Maui County,1
Santa Barbara,1
Ponchatoula,1
Mastic,1
Lula,1
West Jordan,1
Hawthorne,1
Dover Air Force Base,1
Bennington,1
Marvel,1
So. Glens Falls,1
Front Royal,1
Wetumka,1
Pelham,1
Santee,1
Hastings,1
Moorestown,1
Byron,1
Maylene,1
Deridder,1
Chapel Hill,1
Kuna,1
Provo,1
Wabash,1
Bella Vista,1
Saratoga Springs,1
Cermont,1
Nanuet,1
Supply,1
Stendal,1
Mt Holly,1
Eureka,1
Nassau County,1
Apache Junction,1
Yuma,1
Merrill,1
Pueblo,1
Lutz,1
Pikeville,1
Lizella,1
Hauppauge,1
Linton,1
Los Angels,1
Branson,1
Crescent City,1
Norristown,1
Coden,1
Dalzell,1
Cantonment,1
Kutztown,1
Crozet,1
Yigo,1
Kspt,1
Hot Springs,1
Magnolia,1
Md,1
Nokomis,1
Vienna Va,1
Reeds Spring,1
Rainier,1
Saint Louisville Ohio,1
Mclean,1
Tennille,1
Fountain,1
Cuddebackville,1
Ponca City,1
Markle,1
Wixom,1
Haysville,1
Martinsville,1
Hyde Park,1
Harvest,1
Quispamsis,1
Etown,1
Owens Cross Roads,1
Basking Ridge,1
Locust Valley,1
Valley City,1
Pahrump,1
Inman,1
Leland,1
Liverpool,1
Wahiawa,1
North Bergen,1
Haleyville,1
Tiny,1
Highlands,1
Powell,1
Oroville,1
Nichoalsville,1
Valdosta,1
Star,1
Guyton,1
Pinconning,1
Hallandale Beach,1
Blue Ridge,1
Whitestone,1
Hudson Valley,1
East Bay,1
Limington,1
Bellefonte,1
Odenton,1
West Haven,1
Granada Hills,1
Middle Amana,1
Taylors,1
Bossier,1
Hales Corners,1
Mount Gilead,1
Trinity,1
Rotterdam,1
Tomball,1
Rosamond,1
Sequim,1
Williamstown,1
Bayamon,1
Munising,1
University Heights,1
Wise River,1
Spring Lake,1
Woodland,1
Newberry,1
Newhall,1
Kettle Falls,1
Big Stone Gap,1
Hobbs,1
Lyons,1
North Richland Hills,1
Lathrop,1
Swansboro,1
Selden,1
Olivehurst,1
Hometown,1
Long Valley,1
Scranton,1
Newport,1
Huffman,1
Welch,1
Huntersville,1
Ogden,1
Reseda,1
West Valley,1
Sutherlin,1
Torrance,1
Coon Rapids,1
Whately,1
Brooksville,1
Nassau,1
Doral,1
Riverton,1
Negaunee,1
Lancaster County,1
Kings Park,1
Middlebury,1
Carrollton,1
Freeland,1
Catoosa,1
La Vista,1
Forest Lake,1
San Luis Obispo,1
Arkansas,1
West Nyack,1
Wynnewood,1
Grosse Pointe Park,1
